Workbook
Name ___c: #REF!
Name __c: #REF!
Name __c: #REF!
Name a: #REF!
Name a: #REF!
Name a: #REF!
Name b: #REF!
Name b: #REF!
Name b: #REF!
Name ja_nein: b!$V$2:$V$3
Name janein: Auswertung!$H$12
Name p: #REF!
Name p: #REF!
Name p: #REF!
Name q: #REF!
Name q: #REF!
Name q: #REF!
Name Tabelle: [1]Rang!$A$1:$J$20

Sheet Deckblatt
C5: Leistungsdiagnostik
C10: Laufen
D16: Rainier Matzinger
D18: Maurach, 23.05.2024
D31: anna-maria@woerndle.at | +43 677 62150496

Sheet Auswertung
C1: Leistungsdiagnostik | F1: Start | G1: Inkrement | H1: Stufendauer | I1: Stufenlänge
F2: =A6 -> 7 | G2: =A7-A6 -> 1 | H2: 4 | I2: 1200-1600
A4: v (km/h) | B4: Herzfrequenz (bpm) | C4: Laktat (mmol/l) | D4: RPE (6-20) | F4: Datum/Uhrzeit | H4: 23.05.2024 / 14:00
A5: 0 | C5: 1 | F5: Testleiter | H5: Anna-Maria Wörndle
A6: 7 | B6: 133 | C6: 1.9 | D6: 9 | F6: Vorname | H6: Rainier
A7: 8 | B7: 141 | C7: 2.8 | D7: 9 | F7: Name | H7: Matzinger
A8: 9 | B8: 150 | C8: 3 | D8: 14 | F8: Ort | H8: Laufcamp Achensee
A9: 10 | B9: 159 | C9: 3.8 | D9: 16 | F9: Geburtsjahr | H9: 1968
A10: 11 | B10: 167 | C10: 5.2 | D10: 17 | F10: Größe (m) | H10: 179
A11: 12 | B11: 173 | C11: 7.9 | D11: 18 | F11: Gewicht (kg) | H11: 71.5
F12: max. Ausbelastung | H12: ja
A16: letzte Stufe | F16: Zusatzinfo | G16: 1% Steigung, Laufband Atoll Achensee;
A17: v (km/h) | B17: Dauer (min) | C17: vmax (km/h)
A18: =MAX(A6:A13) -> 12 | B18: 1.75 | C18: =A18-(G2*((H2-B18)/H2)) -> 11.4375
A21: Laktat | B21: 1 | C21: 1.5 | D21: 2 | E21: 3 | F21: 4 | G21: 6 | H21: 8
A22: v (km/h) | B22: =b!C22 -> 6 | C22: =b!C23 -> 6 | D22: =b!C24 -> 7.064 | E22: =b!C26 -> 8.707 | F22: =b!C27 -> 10.2297 | G22: =b!C28 -> 11.368
A23: pace (min/km) | B23: =b!D23 -> 0 | C23: =b!D24 -> 0 | D23: =TIME(0,0,1/(D22/3600)) -> 0.0058912037 | E23: =TIME(0,0,1/(E22/3600)) -> 0.0047800926 | F23: =TIME(0,0,1/(F22/3600)) -> 0.0040625 | G23: =TIME(0,0,1/(G22/3600)) -> 0.0036574074
A24: HR (bpm) | B24: =b!F3 -> 125.133 | C24: =b!F4 -> 125.133 | D24: =b!F5 -> 133.8578 | E24: =b!F7 -> 147.3304 | F24: =b!F8 -> 159.81654 | G24: =b!F9 -> 169.1506
F26: Empfehlung
A27: =b!M5 -> Trainingsbereiche | B27: v (km/h) | C27: pace (min/km) | D27: HR (bpm) | E27: RPE (6-20) | F27: Juni: Z2
A28: Z1 | E28: 6 - 9 | F28: Juli: Z2 + Z5
A29: Z2 | B29: =b!O7 -> < 7,0 | C29: =b!P7 -> > 08:30 | D29: =b!Q7 -> < 130 | E29: 10 - 11 | F29: Beispielwoche: Z2 Z2 Z5 Z2
A30: Z3 | B30: =b!O8 -> 7,0 - 9,2 | C30: =b!P8 -> 08:30 - 06:30 | D30: =b!Q8 -> 130 - 150 | E30: 12 - 14 | F30: August: Z2 + (Z4) + Z5
A31: Z4 | B31: =b!O9 -> 9,2 - 10,2 | C31: =b!P9 -> 06:30 - 05:50 | D31: =b!Q9 -> 150 - 160 | E31: 15 - 17 | F31: BW: Z2 Z4 Z2 Z5 (Z4 mind eine Woche vor Achenseelauf)
A32: Z5 | B32: =b!O10 -> 10,2 - 12,0 | C32: =b!P10 -> 05:50 - 05:00 | D32: =b!Q10 -> 160 - 170 | E32: 18 | F32: Z5: 4x4´(3`P); 5x3´(2`P);
A33: Z6 | B33: =b!O11 -> > 12,0 | C33: =b!P11 -> < 05:00 | D33: =b!Q11 -> > 170 | E33: 19 - 20 | F33: Z4: 6x8´(4`P); 2x20` (5´P); 4x10`(4`P)
F34: Gel nach 30´ und 1h

Sheet b
A1: raw data | G1: Herzfrequenz
A2: Stufe | B2: km/h | C2: Laktat | D2: HF | E2: y=kx+d | G2: k--> | H2: 8.2 | V2: ja
A3: 1 | B3: =Auswertung!A6 -> 7 | C3: =Auswertung!C6 -> 1.9 | D3: =Auswertung!B6 -> 133 | E3: 1 | F3: =C22*$H$2+$H$3 -> 125.133 | G3: d--> | H3: 75.933 | V3: nein
A4: 2 | B4: =Auswertung!A7 -> 8 | C4: =Auswertung!C7 -> 2.8 | D4: =Auswertung!B7 -> 141 | E4: 1.5 | F4: =C23*$H$2+$H$3 -> 125.133
A5: 3 | B5: =Auswertung!A8 -> 9 | C5: =Auswertung!C8 -> 3 | D5: =Auswertung!B8 -> 150 | E5: 2 | F5: =C24*$H$2+$H$3 -> 133.8578 | M5: Trainingsbereiche | O5: v | P5: min/km | Q5: HF (bpm)
A6: 4 | B6: =Auswertung!A9 -> 10 | C6: =Auswertung!C9 -> 3.8 | D6: =Auswertung!B9 -> 159 | E6: 2.5 | F6: =C25*$H$2+$H$3 -> 138.72614 | M6: Z1
A7: 5 | B7: =Auswertung!A10 -> 11 | C7: =Auswertung!C10 -> 5.2 | D7: =Auswertung!B10 -> 167 | E7: 3 | F7: =C26*$H$2+$H$3 -> 147.3304 | M7: Z2 | O7: < 7,0 | P7: > 08:30 | Q7: < 130
A8: 6 | B8: =Auswertung!A11 -> 12 | C8: =Auswertung!C11 -> 7.9 | D8: =Auswertung!B11 -> 173 | E8: 4 | F8: =C27*$H$2+$H$3 -> 159.81654 | M8: Z3 | O8: 7,0 - 9,2 | P8: 08:30 - 06:30 | Q8: 130 - 150
A9: 7 | B9: =Auswertung!A12 -> 0 | C9: =Auswertung!C12 -> 0 | D9: =Auswertung!B12 -> 0 | E9: 6 | F9: =C28*$H$2+$H$3 -> 169.1506 | M9: Z4 | O9: 9,2 - 10,2 | P9: 06:30 - 05:50 | Q9: 150 - 160
A10: 8 | B10: =Auswertung!A13 -> 0 | C10: =Auswertung!C13 -> 0 | D10: =Auswertung!B13 -> 0 | E10: 8 | F10: =C29*$H$2+$H$3 -> 174.5216 | M10: Z5 | O10: 10,2 - 12,0 | P10: 05:50 - 05:00 | Q10: 160 - 170
A11: 9 | B11: =Auswertung!A14 -> 0 | C11: =Auswertung!C14 -> 0 | D11: =Auswertung!B14 -> 0 | M11: Z6 | O11: > 12,0 | P11: < 05:00 | Q11: > 170
A12: 10 | B12: =Auswertung!A15 -> 0 | C12: =Auswertung!C15 -> 0 | D12: =Auswertung!B15 -> 0
A16: Protokoll
A17: y=kx+d
A18: k --> | B18: 1
A19: d --> | B19: 6 | O19: Umrechner km/h in pace
O20: km/h | P20: 12
A21: Laktat | B21: Stufe bei Lak | C21: v bei Lak | J21: Laktat | O21: pace | P21: =TIME(0,0,1/(P20/3600)) -> 0.0034722222
A22: 1 | C22: =B22*$B$18+$B$19 -> 6 | J22: Polynom | K22: a | L22: 0.0926
A23: 1.5 | C23: =B23*$B$18+$B$19 -> 6 | K23: b | L23: -0.7258
A24: 2 | B24: 1.064 | C24: =B24*$B$18+$B$19 -> 7.064 | K24: c | L24: 2.2959 | O24: HF % Rechner
A25: 2.5 | B25: 1.6577 | C25: =B25*$B$18+$B$19 -> 7.6577 | K25: d | L25: 0.2667 | O25: % | P25: 93
A26: 3 | B26: 2.707 | C26: =B26*$B$18+$B$19 -> 8.707 | O26: HF | P26: =MAX(D3:D8)*(P25/100) -> 160.89
A27: 4 | B27: 4.2297 | C27: =B27*$B$18+$B$19 -> 10.2297
A28: 6 | B28: 5.368 | C28: =B28*$B$18+$B$19 -> 11.368
A29: 8 | B29: 6.023 | C29: =B29*$B$18+$B$19 -> 12.023
A33: Wunschwert
A34: Stufe bei Lak | B34: v bei Lak | C34: HF
A35: 4 | B35: =A35*$B$18+$B$19 -> 10 | C35: =B35*$H$2+$H$3 -> 157.933

Sheet kubische Gleichung
B1: kubische Gleichung | D1: =IF(AND(F3=0,F4=0,F5=0),"",IF(G5>0,"(Cardanische Formel)","(casus irreducibilis)")&" ") -> (Cardanische Formel) | F1: p | G1: =(3*F4-F3*F3)/9 -> 1.4385292 | L1: über Zielwertsuche
B2: ax³ + bx² + cx + d = 0 | D2: =b!L22 -> 0.0926 | E2: = a | F2: q | G2: =(2*F3^3/27-F3*F4/3+F5)/2 -> -27.201763 | H2: =MIN(5,MAX(H3:H5)) -> 5 | K2: 0.61956163 | L2: =D2*K2^3+D3*K2^2+D4*K2+D5-D6 -> -6.5674292
B3: allgemeine Form der | D3: =b!L23 -> -0.7258 | E3: = b | F3: =D3/D$2 -> -7.838013 | H3: =IF(MOD(F3,1)=0,0,LEN(F3)-FIND(",",F3)) -> 14
B4: kubischen Gleichung | D4: =b!L24 -> 2.2959 | E4: = c | F4: =D4/D$2 -> 24.793737 | H4: =IF(MOD(F4,1)=0,0,LEN(F4)-FIND(",",F4)) -> 13
B5: =IF(AND(D6=0,D2=1),"","x³ "&IF(F3<0,"- ","")&IF(F3>0,"+ ","")&IF(F3=0,"",IF(ABS(F3)=1,"x² ",ROUND(ABS(F3),H2)&"x² "))&IF(F4>0,"+ ",IF(F4<0,"- ",""))&IF(ABS(F4)=1,"x ",IF(F4<>0,ROUND(ABS(F4),H2)&"x ",""))&IF(F5>0,"+ ",IF(F5<0,"- ",""))&IF(F5<>0,ROUND(ABS(F5),H2),"")&" = 0") -> x³ - 7,83801x² + 24,79374x - 83,51296 = 0 | D5: =b!L25 -> 0.2667 | E5: = d | F5: =D5/D$2-D6/D$2 -> -83.512959 | G5: =ROUND((G2)^2+(G1)^3,9) -> 742.91278 | H5: =IF(MOD(F5,1)=0,0,LEN(F5)-FIND(",",F5)) -> 13
B6: =IF(B5="","","(Normalform)") -> (Normalform) | D6: 8 | E6: =IF(D6=0,""," = e ") -> = e | G6: r | H6: gamma
B7: =IF(D2=0,"Tabelle quadr. Gleichung verwenden !",IF(OR(D9="falsch",D10="falsch",D11="falsch"),"Höhere "&IF(B12<>"","bzw. automatische ","")&"Rundung (Zelle B12) einstellen.","")) | G7: =ABS(G1)^0.5 -> 1.199387 | H7: =ACOS(G2/G7^3) -> #NUM!
B8: =IF(D2<0,"- ","")&IF(D2=0,"",IF(ABS(D2)=1,"x³ ",ABS(ROUND(D2,5))&"x³ "))&IF(D3<0,"- ","")&IF(D3>0,"+ ","")&IF(D3=0,"",IF(ABS(ROUND(D3,5))=1,"x² ",ABS(D3)&"x² "))&IF(D4>0,"+ ",IF(D4<0,"- ",""))&IF(ABS(D4)=1,"x ",IF(D4<>0,ABS(ROUND(D4,5))&"x ","")) &IF(D5>0,"+ ",IF(D5<0,"- ",""))&IF(D5<>0,ABS(D5),"")&" = "&IF(D6<0,"- ","")&ABS(D6) -> 0,0926x³ - 0,7258x² + 2,2959x + 0,2667 = 8 | E8: =IF(ISTEXT(C10),"",IF(OR(MOD(C9,1)>0,MOD(C10,1)>0,MOD(C11,1)>0),"","= diophantische Gleichung")) | H8: =IF(MOD(ROUND(F9,6),1)=0,6,16) -> #NUM!
B9: x1 = | C9: =IF(AND(F3=0,F4=0,F5=0),0,ROUND(IF(G$5>0,(-G2+(G2*G2+(G1^3))^0.5)^(1/3)+(-G2-(G2*G2+(G1^3))^0.5)^(1/3)-F3/3,F9),IF(B12<>"",B12,IF(G5>0,H9,H8)))) -> 6.0235777 | D9: =IF(ROUND(C9^3+F3*C9^2+F4*C9+F5,5)=0,"OK","falsch") -> OK | E9: ="Extrema bei X = "&ROUND(MIN(H12,H13),4)&" und X = "&ROUND(MAX(H12,H13),4) -> Extrema bei X = 0 und X = 0 | F9: =G9-G10-F3/3 -> #NUM! | G9: =-2*G7*COS(H7/3-60*PI()/180) -> #NUM! | H9: =IF(MOD(ROUND((-G2+(G2*G2+(G1^3))^0.5)^(1/3)+(-G2-(G2*G2+(G1^3))^0.5)^(1/3)-F3/3,6),1)=0,6,16) -> 16
B10: x2 = | C10: =IF(AND(F3=0,F4=0,F5=0),0,IF(G$5>0,"komplexe Wurzel",ROUND(F10,IF(B12<>"",B12,H10)))) -> komplexe Wurzel | D10: =IF(OR(C10="",G$5>0),"",IF(ROUND(C10^3+F$3*C10^2+F$4*C10+F$5,5)=0,"OK","falsch")) | E10: ="Wendepunkt bei X = "&ROUND(-G13/(G12*2),4) -> Wendepunkt bei X = 2,6127 | F10: =-G9-F3/3 -> #NUM! | G10: =-2*G7*COS(H7/3) -> #NUM! | H10: =IF(MOD(ROUND(F10,6),1)=0,6,16) -> #NUM!
B11: x3 = | C11: =IF(AND(F3=0,F4=0,F5=0),0,IF(G$5>0,"komplexe Wurzel",ROUND(F11,IF(B12<>"",B12,H11)))) -> komplexe Wurzel | D11: =IF(OR(C11="",G$5>0),"",IF(ROUND(C11^3+F$3*C11^2+F$4*C11+F$5,5)=0,"OK","falsch")) | F11: =G10-F3/3 -> #NUM! | H11: =IF(MOD(ROUND(F11,6),1)=0,6,16) -> #NUM!
F12: erste Ableitung | G12: =3*D2 -> 0.2778 | H12: =IF(G12=0,-(G14-G15)/G13,IF(ISERROR((-G13+(G13*G13-4*G12*(G14-G15))^0.5)/(G12*2)),"komplexe Wurzel",(-G13+(G13*G13-4*G12*(G14-G15))^0.5)/(G12*2))) -> komplexe Wurzel
B13: =IF(B12<>"",B12&" Rundungsstellen manuell","automatische Rundung") -> automatische Rundung | D13: Grafik | G13: =2*D3 -> -1.4516 | H13: =IF(OR(G12=0,4*G12*(G14-G15)-G13*G13=0),"es gibt nur eine Lösung",IF(ISERROR((-G13-(G13*G13-4*G12*(G14-G15))^0.5)/(G12*2)),"komplexe Wurzel",(-G13-(G13*G13-4*G12*(G14-G15))^0.5)/(G12*2))) -> komplexe Wurzel
D14: x-Werte von: | E14: -2 | G14: =D4 -> 2.2959
D15: x-Werte bis: | E15: 8
G18: x | H18: y
B19: W a l t e r F R I C K E, M o n h e i m (W F) | G19: =+E14 -> -2 | H19: =$D$2*G19^3+$D$3*G19^2+$D$4*G19+$D$5-$D$6 -> -15.9691
G20: =G19+($E$15-$E$14)/29 -> -1.6551724 | H20: =$D$2*G20^3+$D$3*G20^2+$D$4*G20+$D$5-$D$6 -> -13.941704
G21: =G20+($E$15-$E$14)/29 -> -1.3103448 | H21: =$D$2*G21^3+$D$3*G21^2+$D$4*G21+$D$5-$D$6 -> -12.19626
G22: =G21+($E$15-$E$14)/29 -> -0.96551724 | H22: =$D$2*G22^3+$D$3*G22^2+$D$4*G22+$D$5-$D$6 -> -10.709986
G23: =G22+($E$15-$E$14)/29 -> -0.62068966 | H23: =$D$2*G23^3+$D$3*G23^2+$D$4*G23+$D$5-$D$6 -> -9.4601028
G24: =G23+($E$15-$E$14)/29 -> -0.27586207 | H24: =$D$2*G24^3+$D$3*G24^2+$D$4*G24+$D$5-$D$6 -> -8.423829
G25: =G24+($E$15-$E$14)/29 -> 0.068965517 | H25: =$D$2*G25^3+$D$3*G25^2+$D$4*G25+$D$5-$D$6 -> -7.5783838
G26: =G25+($E$15-$E$14)/29 -> 0.4137931 | H26: =$D$2*G26^3+$D$3*G26^2+$D$4*G26+$D$5-$D$6 -> -6.9009865
G27: =G26+($E$15-$E$14)/29 -> 0.75862069 | H27: =$D$2*G27^3+$D$3*G27^2+$D$4*G27+$D$5-$D$6 -> -6.3688563
G28: =G27+($E$15-$E$14)/29 -> 1.1034483 | H28: =$D$2*G28^3+$D$3*G28^2+$D$4*G28+$D$5-$D$6 -> -5.9592125
G29: =G28+($E$15-$E$14)/29 -> 1.4482759 | H29: =$D$2*G29^3+$D$3*G29^2+$D$4*G29+$D$5-$D$6 -> -5.6492743
G30: =G29+($E$15-$E$14)/29 -> 1.7931034 | H30: =$D$2*G30^3+$D$3*G30^2+$D$4*G30+$D$5-$D$6 -> -5.4162609
G31: =G30+($E$15-$E$14)/29 -> 2.137931 | H31: =$D$2*G31^3+$D$3*G31^2+$D$4*G31+$D$5-$D$6 -> -5.2373916
... G48: =G47+($E$15-$E$14)/29 -> 8 | H48: =$D$2*G48^3+$D$3*G48^2+$D$4*G48+$D$5-$D$6 -> 11.5939
